"DESCRIPTION","DURATION IN MS","NAME","PARENT SUITE","START TIME","STATUS","STOP TIME","SUB SUITE","SUITE","TEST CLASS","TEST METHOD"
"","0","test_mark[6 * 9-3]","scr","Thu Dec 11 11:30:45 CST 2025","skipped","Thu Dec 11 11:30:45 CST 2025","","test_demo_6","",""
"","0","test_mul[a]","scr","Thu Dec 11 11:30:45 CST 2025","passed","Thu Dec 11 11:30:45 CST 2025","","test_demo_4","",""
"","0","test_001","scr","Thu Dec 11 11:30:45 CST 2025","passed","Thu Dec 11 11:30:45 CST 2025","TestLogin","test_demo_3","",""
"","0","test_requests","scr","Thu Dec 11 11:30:45 CST 2025","skipped","Thu Dec 11 11:30:45 CST 2025","","test_requests","",""
"","0","test_004","scr","Thu Dec 11 11:30:45 CST 2025","passed","Thu Dec 11 11:30:45 CST 2025","TestLogin","test_demo_3","",""
"","0","test_mul[b]","scr","Thu Dec 11 11:30:45 CST 2025","passed","Thu Dec 11 11:30:45 CST 2025","","test_demo_4","",""
"","0","test_add[1-2-3]","scr","Thu Dec 11 11:30:45 CST 2025","passed","Thu Dec 11 11:30:45 CST 2025","","test_demo_2","",""
"","0","test_add[100-6-160]","scr","Thu Dec 11 11:30:45 CST 2025","failed","Thu Dec 11 11:30:45 CST 2025","","test_allure","",""
"","0","test_003","scr","Thu Dec 11 11:30:45 CST 2025","passed","Thu Dec 11 11:30:45 CST 2025","TestLogin","test_demo_3","",""
"","0","test_function","scr","Thu Dec 11 11:30:45 CST 2025","skipped","Thu Dec 11 11:30:45 CST 2025","TestSkip_Mark","test_demo_5","",""
"","0","test_add[1-2-3]","scr","Thu Dec 11 11:30:45 CST 2025","passed","Thu Dec 11 11:30:45 CST 2025","","test_allure","",""
"","0","test_github_api","scr","Thu Dec 11 11:30:45 CST 2025","skipped","Thu Dec 11 11:30:45 CST 2025","","test_requests","",""
"","0","test_add[4-5-9]","scr","Thu Dec 11 11:30:45 CST 2025","passed","Thu Dec 11 11:30:45 CST 2025","","test_allure","",""
"","1","test_add[10-20-30]","scr","Thu Dec 11 11:30:45 CST 2025","passed","Thu Dec 11 11:30:45 CST 2025","","test_demo_2","",""
"","0","test_mark[2+4-6]","scr","Thu Dec 11 11:30:45 CST 2025","passed","Thu Dec 11 11:30:45 CST 2025","","test_demo_6","",""
"","0","test_mark[6*6-42]","scr","Thu Dec 11 11:30:45 CST 2025","skipped","Thu Dec 11 11:30:45 CST 2025","","test_demo_6","",""
"","0","test_002","scr","Thu Dec 11 11:30:45 CST 2025","passed","Thu Dec 11 11:30:45 CST 2025","TestLogin","test_demo_3","",""
"","0","test_skip","scr","Thu Dec 11 11:30:45 CST 2025","skipped","Thu Dec 11 11:30:45 CST 2025","","test_demo_5","",""
"","0","test_add[a]","scr","Thu Dec 11 11:30:45 CST 2025","passed","Thu Dec 11 11:30:45 CST 2025","","test_demo_4","",""
"","0","test_mark[3+5-8]","scr","Thu Dec 11 11:30:45 CST 2025","passed","Thu Dec 11 11:30:45 CST 2025","","test_demo_6","",""
"","0","test_abc","scr","Thu Dec 11 11:30:45 CST 2025","passed","Thu Dec 11 11:30:45 CST 2025","","test_demo_1","",""
"","0","test_def","scr","Thu Dec 11 11:30:45 CST 2025","skipped","Thu Dec 11 11:30:45 CST 2025","TestSkip_Mark","test_demo_5","",""
"","1","test_add[b]","scr","Thu Dec 11 11:30:45 CST 2025","passed","Thu Dec 11 11:30:45 CST 2025","","test_demo_4","",""
"","1817","test_get","scr","Thu Dec 11 11:30:45 CST 2025","failed","Thu Dec 11 11:30:47 CST 2025","","test_requests","",""
"","0","test_add[4-5-9]","scr","Thu Dec 11 11:30:45 CST 2025","passed","Thu Dec 11 11:30:45 CST 2025","","test_demo_2","",""
